Workbook

Sheet Summary
A1: SUMMARY TRANSACTION -ARTOKU PERSONAL FINANCE
A2: All figures are calculated automatically from the Transaction and Category sheets. They should not be entered manually.
A4: A. RINGKASAN
A5: Keterangan | B5: Total
A6: Start Date
A7: End Date
A8: Number of Transactions
A9: Total Income (INCOME)
A10: Total Expenses (EXPENSE)
A11: Total Savings (SAVING)
A12: Total Balance
A16: No | B16: Name | C16: Type | D16: Total Transaction | E16: Total Amount
A17: =IF(B17="","",ROW()-16)
A18: =IF(B18="","",ROW()-16)
A19: =IF(B19="","",ROW()-16)
A20: =IF(B20="","",ROW()-16)
A21: =IF(B21="","",ROW()-16)
A22: =IF(B22="","",ROW()-16)
A23: =IF(B23="","",ROW()-16)
A24: =IF(B24="","",ROW()-16)
A25: =IF(B25="","",ROW()-16)
A26: =IF(B26="","",ROW()-16)
A27: =IF(B27="","",ROW()-16)
A28: =IF(B28="","",ROW()-16)
... A34: =IF(B34="","",ROW()-16)

Sheet Transaction
A1: EXPORT TRANSACTION - PERSONAL FINANCE
A2: No | B2: Name | C2: Category | D2: Type | E2: Date | F2: Amount | G2: Description
A3: =IF(B3="","",ROW()-2)
A4: =IF(B4="","",ROW()-2)
A5: =IF(B5="","",ROW()-2)
A6: =IF(B6="","",ROW()-2)
A7: =IF(B7="","",ROW()-2)
A8: =IF(B8="","",ROW()-2)
A9: =IF(B9="","",ROW()-2)
A10: =IF(B10="","",ROW()-2)
A11: =IF(B11="","",ROW()-2)
A12: =IF(B12="","",ROW()-2)
A13: =IF(B13="","",ROW()-2)
A14: =IF(B14="","",ROW()-2)
... A902: =IF(B902="","",ROW()-2)

Sheet Calc
A2: type | B2: date_serial | C2: month_key | E2: month_list
A3: =IF(Transaction!E3="","",IFERROR(INDEX(#REF!,MATCH(Transaction!C3,#REF!,0)),"UNKNOWN")) | B3: =IF(Transaction!D3="","",IFERROR(IF(ISNUMBER(Transaction!D3),Transaction!D3,DATE(VALUE(LEFT(Transaction!D3,4)),VALUE(MID(Transaction!D3,6,2)),VALUE(MID(Transaction!D3,9,2)))),"")) | C3: =IF(B3="","",YEAR(B3)*100+MONTH(B3)) | E3: =IF(COUNT($C$3:$C$5000)=0,"",MIN($C$3:$C$5000))
A4: =IF(Transaction!E4="","",IFERROR(INDEX(#REF!,MATCH(Transaction!C4,#REF!,0)),"UNKNOWN")) | B4: =IF(Transaction!D4="","",IFERROR(IF(ISNUMBER(Transaction!D4),Transaction!D4,DATE(VALUE(LEFT(Transaction!D4,4)),VALUE(MID(Transaction!D4,6,2)),VALUE(MID(Transaction!D4,9,2)))),"")) | C4: =IF(B4="","",YEAR(B4)*100+MONTH(B4)) | E4: =IF(E3="","",IFERROR(SMALL($C$3:$C$5000,COUNTIF($C$3:$C$5000,"<="&E3)+1),""))
A5: =IF(Transaction!E5="","",IFERROR(INDEX(#REF!,MATCH(Transaction!C5,#REF!,0)),"UNKNOWN")) | B5: =IF(Transaction!D5="","",IFERROR(IF(ISNUMBER(Transaction!D5),Transaction!D5,DATE(VALUE(LEFT(Transaction!D5,4)),VALUE(MID(Transaction!D5,6,2)),VALUE(MID(Transaction!D5,9,2)))),"")) | C5: =IF(B5="","",YEAR(B5)*100+MONTH(B5)) | E5: =IF(E4="","",IFERROR(SMALL($C$3:$C$5000,COUNTIF($C$3:$C$5000,"<="&E4)+1),""))
A6: =IF(Transaction!E6="","",IFERROR(INDEX(#REF!,MATCH(Transaction!C6,#REF!,0)),"UNKNOWN")) | B6: =IF(Transaction!D6="","",IFERROR(IF(ISNUMBER(Transaction!D6),Transaction!D6,DATE(VALUE(LEFT(Transaction!D6,4)),VALUE(MID(Transaction!D6,6,2)),VALUE(MID(Transaction!D6,9,2)))),"")) | C6: =IF(B6="","",YEAR(B6)*100+MONTH(B6)) | E6: =IF(E5="","",IFERROR(SMALL($C$3:$C$5000,COUNTIF($C$3:$C$5000,"<="&E5)+1),""))
A7: =IF(Transaction!E7="","",IFERROR(INDEX(#REF!,MATCH(Transaction!C7,#REF!,0)),"UNKNOWN")) | B7: =IF(Transaction!D7="","",IFERROR(IF(ISNUMBER(Transaction!D7),Transaction!D7,DATE(VALUE(LEFT(Transaction!D7,4)),VALUE(MID(Transaction!D7,6,2)),VALUE(MID(Transaction!D7,9,2)))),"")) | C7: =IF(B7="","",YEAR(B7)*100+MONTH(B7)) | E7: =IF(E6="","",IFERROR(SMALL($C$3:$C$5000,COUNTIF($C$3:$C$5000,"<="&E6)+1),""))
A8: =IF(Transaction!E8="","",IFERROR(INDEX(#REF!,MATCH(Transaction!C8,#REF!,0)),"UNKNOWN")) | B8: =IF(Transaction!D8="","",IFERROR(IF(ISNUMBER(Transaction!D8),Transaction!D8,DATE(VALUE(LEFT(Transaction!D8,4)),VALUE(MID(Transaction!D8,6,2)),VALUE(MID(Transaction!D8,9,2)))),"")) | C8: =IF(B8="","",YEAR(B8)*100+MONTH(B8)) | E8: =IF(E7="","",IFERROR(SMALL($C$3:$C$5000,COUNTIF($C$3:$C$5000,"<="&E7)+1),""))
A9: =IF(Transaction!E9="","",IFERROR(INDEX(#REF!,MATCH(Transaction!C9,#REF!,0)),"UNKNOWN")) | B9: =IF(Transaction!D9="","",IFERROR(IF(ISNUMBER(Transaction!D9),Transaction!D9,DATE(VALUE(LEFT(Transaction!D9,4)),VALUE(MID(Transaction!D9,6,2)),VALUE(MID(Transaction!D9,9,2)))),"")) | C9: =IF(B9="","",YEAR(B9)*100+MONTH(B9)) | E9: =IF(E8="","",IFERROR(SMALL($C$3:$C$5000,COUNTIF($C$3:$C$5000,"<="&E8)+1),""))
A10: =IF(Transaction!E10="","",IFERROR(INDEX(#REF!,MATCH(Transaction!C10,#REF!,0)),"UNKNOWN")) | B10: =IF(Transaction!D10="","",IFERROR(IF(ISNUMBER(Transaction!D10),Transaction!D10,DATE(VALUE(LEFT(Transaction!D10,4)),VALUE(MID(Transaction!D10,6,2)),VALUE(MID(Transaction!D10,9,2)))),"")) | C10: =IF(B10="","",YEAR(B10)*100+MONTH(B10)) | E10: =IF(E9="","",IFERROR(SMALL($C$3:$C$5000,COUNTIF($C$3:$C$5000,"<="&E9)+1),""))
A11: =IF(Transaction!E11="","",IFERROR(INDEX(#REF!,MATCH(Transaction!C11,#REF!,0)),"UNKNOWN")) | B11: =IF(Transaction!D11="","",IFERROR(IF(ISNUMBER(Transaction!D11),Transaction!D11,DATE(VALUE(LEFT(Transaction!D11,4)),VALUE(MID(Transaction!D11,6,2)),VALUE(MID(Transaction!D11,9,2)))),"")) | C11: =IF(B11="","",YEAR(B11)*100+MONTH(B11)) | E11: =IF(E10="","",IFERROR(SMALL($C$3:$C$5000,COUNTIF($C$3:$C$5000,"<="&E10)+1),""))
A12: =IF(Transaction!E12="","",IFERROR(INDEX(#REF!,MATCH(Transaction!C12,#REF!,0)),"UNKNOWN")) | B12: =IF(Transaction!D12="","",IFERROR(IF(ISNUMBER(Transaction!D12),Transaction!D12,DATE(VALUE(LEFT(Transaction!D12,4)),VALUE(MID(Transaction!D12,6,2)),VALUE(MID(Transaction!D12,9,2)))),"")) | C12: =IF(B12="","",YEAR(B12)*100+MONTH(B12)) | E12: =IF(E11="","",IFERROR(SMALL($C$3:$C$5000,COUNTIF($C$3:$C$5000,"<="&E11)+1),""))
A13: =IF(Transaction!E13="","",IFERROR(INDEX(#REF!,MATCH(Transaction!C13,#REF!,0)),"UNKNOWN")) | B13: =IF(Transaction!D13="","",IFERROR(IF(ISNUMBER(Transaction!D13),Transaction!D13,DATE(VALUE(LEFT(Transaction!D13,4)),VALUE(MID(Transaction!D13,6,2)),VALUE(MID(Transaction!D13,9,2)))),"")) | C13: =IF(B13="","",YEAR(B13)*100+MONTH(B13)) | E13: =IF(E12="","",IFERROR(SMALL($C$3:$C$5000,COUNTIF($C$3:$C$5000,"<="&E12)+1),""))
A14: =IF(Transaction!E14="","",IFERROR(INDEX(#REF!,MATCH(Transaction!C14,#REF!,0)),"UNKNOWN")) | B14: =IF(Transaction!D14="","",IFERROR(IF(ISNUMBER(Transaction!D14),Transaction!D14,DATE(VALUE(LEFT(Transaction!D14,4)),VALUE(MID(Transaction!D14,6,2)),VALUE(MID(Transaction!D14,9,2)))),"")) | C14: =IF(B14="","",YEAR(B14)*100+MONTH(B14)) | E14: =IF(E13="","",IFERROR(SMALL($C$3:$C$5000,COUNTIF($C$3:$C$5000,"<="&E13)+1),""))
A15: =IF(Transaction!E15="","",IFERROR(INDEX(#REF!,MATCH(Transaction!C15,#REF!,0)),"UNKNOWN")) | B15: =IF(Transaction!D15="","",IFERROR(IF(ISNUMBER(Transaction!D15),Transaction!D15,DATE(VALUE(LEFT(Transaction!D15,4)),VALUE(MID(Transaction!D15,6,2)),VALUE(MID(Transaction!D15,9,2)))),"")) | C15: =IF(B15="","",YEAR(B15)*100+MONTH(B15))
A16: =IF(Transaction!E16="","",IFERROR(INDEX(#REF!,MATCH(Transaction!C16,#REF!,0)),"UNKNOWN")) | B16: =IF(Transaction!D16="","",IFERROR(IF(ISNUMBER(Transaction!D16),Transaction!D16,DATE(VALUE(LEFT(Transaction!D16,4)),VALUE(MID(Transaction!D16,6,2)),VALUE(MID(Transaction!D16,9,2)))),"")) | C16: =IF(B16="","",YEAR(B16)*100+MONTH(B16))
A17: =IF(Transaction!E17="","",IFERROR(INDEX(#REF!,MATCH(Transaction!C17,#REF!,0)),"UNKNOWN")) | B17: =IF(Transaction!D17="","",IFERROR(IF(ISNUMBER(Transaction!D17),Transaction!D17,DATE(VALUE(LEFT(Transaction!D17,4)),VALUE(MID(Transaction!D17,6,2)),VALUE(MID(Transaction!D17,9,2)))),"")) | C17: =IF(B17="","",YEAR(B17)*100+MONTH(B17))
A18: =IF(Transaction!E18="","",IFERROR(INDEX(#REF!,MATCH(Transaction!C18,#REF!,0)),"UNKNOWN")) | B18: =IF(Transaction!D18="","",IFERROR(IF(ISNUMBER(Transaction!D18),Transaction!D18,DATE(VALUE(LEFT(Transaction!D18,4)),VALUE(MID(Transaction!D18,6,2)),VALUE(MID(Transaction!D18,9,2)))),"")) | C18: =IF(B18="","",YEAR(B18)*100+MONTH(B18))
A19: =IF(Transaction!E19="","",IFERROR(INDEX(#REF!,MATCH(Transaction!C19,#REF!,0)),"UNKNOWN")) | B19: =IF(Transaction!D19="","",IFERROR(IF(ISNUMBER(Transaction!D19),Transaction!D19,DATE(VALUE(LEFT(Transaction!D19,4)),VALUE(MID(Transaction!D19,6,2)),VALUE(MID(Transaction!D19,9,2)))),"")) | C19: =IF(B19="","",YEAR(B19)*100+MONTH(B19))
A20: =IF(Transaction!E20="","",IFERROR(INDEX(#REF!,MATCH(Transaction!C20,#REF!,0)),"UNKNOWN")) | B20: =IF(Transaction!D20="","",IFERROR(IF(ISNUMBER(Transaction!D20),Transaction!D20,DATE(VALUE(LEFT(Transaction!D20,4)),VALUE(MID(Transaction!D20,6,2)),VALUE(MID(Transaction!D20,9,2)))),"")) | C20: =IF(B20="","",YEAR(B20)*100+MONTH(B20))
A21: =IF(Transaction!E21="","",IFERROR(INDEX(#REF!,MATCH(Transaction!C21,#REF!,0)),"UNKNOWN")) | B21: =IF(Transaction!D21="","",IFERROR(IF(ISNUMBER(Transaction!D21),Transaction!D21,DATE(VALUE(LEFT(Transaction!D21,4)),VALUE(MID(Transaction!D21,6,2)),VALUE(MID(Transaction!D21,9,2)))),"")) | C21: =IF(B21="","",YEAR(B21)*100+MONTH(B21))
A22: =IF(Transaction!E22="","",IFERROR(INDEX(#REF!,MATCH(Transaction!C22,#REF!,0)),"UNKNOWN")) | B22: =IF(Transaction!D22="","",IFERROR(IF(ISNUMBER(Transaction!D22),Transaction!D22,DATE(VALUE(LEFT(Transaction!D22,4)),VALUE(MID(Transaction!D22,6,2)),VALUE(MID(Transaction!D22,9,2)))),"")) | C22: =IF(B22="","",YEAR(B22)*100+MONTH(B22))
A23: =IF(Transaction!E23="","",IFERROR(INDEX(#REF!,MATCH(Transaction!C23,#REF!,0)),"UNKNOWN")) | B23: =IF(Transaction!D23="","",IFERROR(IF(ISNUMBER(Transaction!D23),Transaction!D23,DATE(VALUE(LEFT(Transaction!D23,4)),VALUE(MID(Transaction!D23,6,2)),VALUE(MID(Transaction!D23,9,2)))),"")) | C23: =IF(B23="","",YEAR(B23)*100+MONTH(B23))
A24: =IF(Transaction!E24="","",IFERROR(INDEX(#REF!,MATCH(Transaction!C24,#REF!,0)),"UNKNOWN")) | B24: =IF(Transaction!D24="","",IFERROR(IF(ISNUMBER(Transaction!D24),Transaction!D24,DATE(VALUE(LEFT(Transaction!D24,4)),VALUE(MID(Transaction!D24,6,2)),VALUE(MID(Transaction!D24,9,2)))),"")) | C24: =IF(B24="","",YEAR(B24)*100+MONTH(B24))
A25: =IF(Transaction!E25="","",IFERROR(INDEX(#REF!,MATCH(Transaction!C25,#REF!,0)),"UNKNOWN")) | B25: =IF(Transaction!D25="","",IFERROR(IF(ISNUMBER(Transaction!D25),Transaction!D25,DATE(VALUE(LEFT(Transaction!D25,4)),VALUE(MID(Transaction!D25,6,2)),VALUE(MID(Transaction!D25,9,2)))),"")) | C25: =IF(B25="","",YEAR(B25)*100+MONTH(B25))
A26: =IF(Transaction!E26="","",IFERROR(INDEX(#REF!,MATCH(Transaction!C26,#REF!,0)),"UNKNOWN")) | B26: =IF(Transaction!D26="","",IFERROR(IF(ISNUMBER(Transaction!D26),Transaction!D26,DATE(VALUE(LEFT(Transaction!D26,4)),VALUE(MID(Transaction!D26,6,2)),VALUE(MID(Transaction!D26,9,2)))),"")) | C26: =IF(B26="","",YEAR(B26)*100+MONTH(B26))
... A5000: =IF(Transaction!E5000="","",IFERROR(INDEX(#REF!,MATCH(Transaction!C5000,#REF!,0)),"UNKNOWN")) | B5000: =IF(Transaction!D5000="","",IFERROR(IF(ISNUMBER(Transaction!D5000),Transaction!D5000,DATE(VALUE(LEFT(Transaction!D5000,4)),VALUE(MID(Transaction!D5000,6,2)),VALUE(MID(Transaction!D5000,9,2)))),"")) | C5000: =IF(B5000="","",YEAR(B5000)*100+MONTH(B5000))
